{"cameraMode":{"drawMode":0,"name":"Shaded","section":"Shading Mode"},"sceneLighting":true,"audioPlay":false,"sceneViewState":{"showFog":true,"showMaterialUpdate":false,"showSkybox":true,"showFlares":true,"showImageEffects":true,"showParticleSystems":true},"in2DMode":false,"pivot":{"x":-1.4898240566253663,"y":-18.566265106201173,"z":-25.971752166748048},"rotation":{"x":-0.0002884000423364341,"y":-0.9464268088340759,"z":0.32291728258132937,"w":-0.000845147471409291},"size":45.36880874633789,"orthographic":false}